{"cameraMode":{"drawMode":0,"name":"Shaded","section":"Shading Mode"},"sceneLighting":true,"audioPlay":false,"sceneViewState":{"m_AlwaysRefresh":false,"showFog":true,"showSkybox":true,"showFlares":true,"showImageEffects":true,"showParticleSystems":true,"showVisualEffectGraphs":true,"m_FxEnabled":true},"in2DMode":false,"pivot":{"x":0.9906463623046875,"y":0.5797513723373413,"z":-0.5533770322799683},"rotation":{"x":-0.08038073778152466,"y":-0.7582075595855713,"z":0.09506068378686905,"w":-0.6401100158691406},"size":6.243038654327393,"orthographic":false}